appid,name,playtime_forever_Gavin,img_icon_url,has_community_visible_stats,playtime_windows_forever_Gavin,playtime_mac_forever,playtime_linux_forever,playtime_deck_forever,rtime_last_played_Gavin,content_descriptorids,playtime_disconnected,has_leaderboards,playtime_2weeks_Gavin
220,Half-Life 2,656,fcfb366051782b8ebf2aa297f3b746395858cb62,True,47,0,0,0,1585114037,"[2, 5]",0,,
320,Half-Life 2: Deathmatch,0,795e85364189511f4990861b578084deef086cb1,,0,0,0,0,0,"[2, 5]",0,,
360,Half-Life Deathmatch: Source,0,40b8a62efff5a9ab356e5c56f5c8b0532c8e1aa3,,0,0,0,0,0,"[2, 5]",0,,
4000,Garry's Mod,27059,4a6f25cfa2426445d0d9d6e233408de4d371ce8b,True,1710,0,0,0,1692778870,,0,,
17390,Spore,46,00e6b5f1f7173e5a2db9978de34df03abb886430,,45,0,0,0,1693307808,,0,,
17440,Spore: Creepy & Cute Parts Pack,149,00e6b5f1f7173e5a2db9978de34df03abb886430,,0,0,0,0,1472358489,,0,,
17410,Mirror's Edge,4629,cfea4731163004b2e5117c3b42a798c48c483d8f,,0,0,0,0,1536070726,,0,,
3590,Plants vs. Zombies: Game of the Year,32,d2a9c24de11210560f579e7fd9303960c5060155,True,32,0,0,0,1717519182,,0,,
22330,The Elder Scrolls IV: Oblivion Game of the Year Edition (2009),222,e33402f6e1e4ed6dd001c7add26934f345cbd31e,,0,0,0,0,1484771248,"[2, 5]",0,,
6060,"Star Wars: Battlefront 2 (Classic, 2005)",253,f6302406e215af8cff3533a747d30387f68bef2a,,0,0,0,0,1482472487,,0,,
550,Left 4 Dead 2,1494,7d5a243f9500d2f8467312822f8af2a2928777ed,True,228,0,0,0,1679216643,"[2, 5]",0,,
32430,STAR WARS™: The Force Unleashed™ Ultimate Sith Edition,72,5a4a943e2b397aaffc6ec5f17e00c9f59e0ba88c,,0,0,0,0,1451173197,,0,,
22380,Fallout: New Vegas,1,1711fd8c46d739feec76bd4a64eaeeca5b87e3a7,True,1,0,0,0,1572390322,,0,,
42910,Magicka,8,0eb97d0cd644ee08b1339d2160c7a6adf2ea0a65,True,0,0,0,0,1451283575,,0,True,
620,Portal 2,1673,2e478fc6874d06ae5baf0d147f6f21203291aa02,True,238,0,0,0,1594423044,,0,True,
105600,Terraria,73027,858961e95fbf869f136e1770d586e0caefd4cfac,True,16965,0,0,0,1745116969,,0,,5.0
22230,Rock of Ages,171,775c7ad571b7571aec5a85235759fbc2baa12eee,True,7,0,0,0,1609903967,,0,True,
48000,LIMBO,39,463f57855017564301b17050fba73804b3bd86d6,True,0,0,0,0,1497202979,,0,,
72850,The Elder Scrolls V: Skyrim,5971,b9aca8a189abd8d6aaf09047dbb0f57582683e1c,True,80,0,0,0,1675764668,"[1, 5]",0,,
104900,ORION: Prelude,1536,2e934d58e275379f19f36ddc1676aedc2ef5e862,True,0,0,0,0,1483063236,"[2, 5]",0,,
113200,The Binding of Isaac,1,383cf045ca20625db18f68ef5e95169012118b9e,True,0,0,0,0,1543269882,,0,,
201790,Orcs Must Die! 2,97,fabd8658e8e76f7c99c56f26b69d29882756f9b4,True,0,0,0,0,1530125689,,0,,
204360,Castle Crashers,2114,9b7625f9b70f103397fd0416fd92abb583db8659,True,53,0,0,0,1630303719,,0,,
49520,Borderlands 2,2432,a3f4945226e69b6196074df4c776e342d3e5a3be,True,259,0,0,0,1591054768,,0,,
205100,Dishonored,89,74f8ee1ba536e0759e64a9bf801fc013e16c8dd1,True,0,0,0,0,1530043659,,0,True,
219640,Chivalry: Medieval Warfare,834,d4628be29b7e97d93a3404870dfe79642b90b907,True,33,0,0,0,1577076812,"[2, 5]",0,,
17080,Tribes: Ascend,9,ff9812c1b957546e731c1765ed6ec463aca8b835,,0,0,0,0,1471473749,,0,,
99900,Spiral Knights,82,d4b1a783f64871474bacfec6b33307e56fa665f7,True,0,0,0,0,1443627928,,0,,
109600,Neverwinter,7,b65eee286148b9ab29c27847ff47cbcd158788b6,,7,0,0,0,1585964603,,0,,
113420,Fallen Earth Classic,47,a5474b2af9b42b523e2d023037875386e1b5995b,True,0,0,0,0,1439834156,,0,,
200210,Realm of the Mad God Exalt,10117,76c62602486e58f9501e09e7e8f189e86823e8d5,True,5710,0,0,0,1715413683,,0,,
206210,Gotham City Impostors: Free To Play,22,1b0b83ce13da847e18dbdd5dcc69a2fc12850967,True,0,0,0,0,1472343317,,0,,
213650,Dwarfs F2P,36,aea074ae0727b262068eb0bd8d9b285fcdfb18c8,True,0,0,0,0,1429931514,,0,,
218230,PlanetSide 2,432,f09d788b57eccd48ad9a6d1ec0dbf0707db39612,,0,0,0,0,1503778021,,0,,
1083500,PlanetSide 2 - Test,0,4a048ec31eba8fb4ed19a1fd8a906041119d3523,,0,0,0,0,0,,0,,
230410,Warframe,1281,22064646470f4c53388ba87774c7ac10f0a91ffa,True,5,0,0,0,1640076786,"[2, 5]",0,,
236390,War Thunder,25,c69fbafb6e9891314cc5df0fe6a659612c289bf9,True,0,0,0,0,1454786589,,0,,
238960,Path of Exile,235,1110764aac57ac28d7ffd8c43071c75d5482a9c9,True,210,0,0,0,1704094571,"[1, 2, 5]",0,,
39000,Moonbase Alpha,17,24b18829c461e2db0a9962ce0aaeb5dfa3d381d8,,0,0,0,0,1490659329,,0,,
209870,Blacklight: Retribution,1,de0e0786f3473b277fbbf7db4f3fdc5ea07b942c,True,0,0,0,0,1471542140,,0,,
223710,Cry of Fear,67,962637bf69fddc5466b042c748b6408d2901f25c,,67,0,0,0,1695704119,,0,,
248570,Toribash,659,7642e8aaf8d97a5fca68d749ed5cdd548cbb6d35,True,0,0,0,0,1475972586,,0,,
265630,Fistful of Frags,217,e70c19e10125ea3f221666327af2b90f3fcecad9,True,217,0,0,0,1595918039,"[2, 5]",0,True,
224260,No More Room in Hell,4,684de0d9c5749b5ddd52f120894fd97efd620b1d,True,0,0,0,0,1487051114,"[2, 5]",0,,
226320,Marvel Heroes Omega,633,f9e8431600ea2ac6b15d81bd6c38e63c13ba2bbd,True,0,0,0,0,1463950170,,0,,
239220,The Mighty Quest For Epic Loot,32,86781e66eaae17e605fe078d290ce944f176ad92,True,0,0,0,0,1435898481,,0,True,
227680,StarForge,102,911658bd1dc011bbc5a74cf7358befb093d64115,,0,0,0,0,1482526119,,0,,
233470,Evoland,425,b43008e5cf72a1a3a239b63d4112e304c5bdb8fd,True,0,0,0,0,1455600596,,0,,
219740,Don't Starve,176,03fe647df40dccc4d19bf42a0185cd3e6b9f2953,,0,0,0,0,1427251478,,0,,
322330,Don't Starve Together,788,a80aa6cff8eebc1cbc18c367d9ab063e1553b0ee,,344,0,0,0,1683657766,,0,,
242760,The Forest,2365,3a6847f6ac5879e48531db52261771d5e22904ac,True,315,0,0,0,1638671520,"[2, 5]",0,,
238240,Edge of Space,499,fcd82e4be5359b1ac886f940a8e33bcdf87333eb,True,0,0,0,0,1486053266,,0,,
244770,StarMade,3,c8d6b105e322701a9e041f64032fb48bbf21ee81,,0,0,0,0,1447642645,,0,,
246900,Viscera Cleanup Detail,13,468438972a79636192adf089d3f830aad072a844,True,0,0,0,0,1561262055,"[2, 5]",0,,
255520,Viscera Cleanup Detail: Shadow Warrior,80,56c3840d52a0da4f397d9991d368c75ed53d99fa,True,0,0,0,0,1561264052,"[2, 5]",0,,
265210,Viscera Cleanup Detail: Santa's Rampage,1081,3ddf9cd4df46fda7ed35cd3e79f04bc0dfd28ee9,True,0,0,0,0,1484712211,"[2, 5]",0,,
249630,Delver,80,a4ed430daf84f3da38d2add12b32f0eeccd7d6ca,True,0,0,0,0,1439742752,,0,,
249950,Forge Quest,758,e2b03e1d746c55969b1a72c7e8eaa8cecab255a7,True,5,0,0,0,1661331596,,0,,
250760,Shovel Knight: Treasure Trove,2134,a4df2557166453374519b64ed5ccef3f0a643f4e,True,334,23,0,0,1660851073,,0,,
252110,Lovers in a Dangerous Spacetime,13,1661236ad6879957c73f0090efee34cdba2be649,True,13,0,0,0,1640855099,,0,,
252490,Rust,230031,820be4782639f9c4b64fa3ca7e6c26a95ae4fd1c,True,64159,0,0,0,1736582608,"[1, 2, 5]",0,,
253230,A Hat in Time,128,7b934282eeb45507669ed7c08378c51bb902721f,True,0,0,0,0,1557045046,,0,True,
253250,Stonehearth,53,efcda25d2e073f122599bae3db6f95e51d27f385,,0,0,0,0,1417063359,,0,,
257750,Bloody Trapland,161,c2977feed710d3f5bfb42845dbac21d142445b61,True,0,0,0,0,1566345449,,0,,
39210,FINAL FANTASY XIV Online,680,98527a5229540d86ced171d8a5dff2f8a560fe80,,680,0,0,0,1711871143,,0,,
263760,Turbo Dismount,91,33b2862041b7b0e9deb769b281238f4b3af1c5e1,True,0,0,0,0,1451018154,,0,True,
264140,Pixel Piracy,30,f9f7a780e965a53d7efb2f7a6555580ccb5c0117,True,0,0,0,0,1447292941,"[2, 5]",0,,
264710,Subnautica,2394,8a14ceef6e230330a916d7a6324b8c52d464d569,True,32,0,0,0,1586418118,,0,,
265930,Goat Simulator,555,edf6c28b83d5fc221338ff71d01caa11d11d3b50,True,16,0,0,0,1693465473,,0,True,
211820,Starbound,8454,4dbf4041c33eb2edfc41f552320a2e584519134c,True,1446,0,0,0,1638608585,,0,,
367540,Starbound - Unstable,146,9420b506fe5b00fd02d9005f1f5555358e3f71f7,True,0,0,0,0,1492645708,,0,,
25000,Overgrowth,1029,b4fc4f8ab00a1fe366b97864db80dc889d6c32d0,,11,0,0,0,1642407653,[5],0,,
234190,Receiver,16,895522b53c27a5e842fc2dcfbaf2e08365baf0fc,,0,0,0,0,1486964914,,0,,
268750,Magicite,3427,c6255e1b4572edc623171fd521ebb4b4d9a4b75a,,0,0,0,0,1454299459,,0,,
268910,Cuphead,682,c19f1bd916b6d171e94089d03112ec4e4e4da84e,True,0,0,0,0,1535766663,,0,,
269210,Hero Siege,1629,c787f8aa68ebb1426c5a9633b7609d7e849c1bc2,True,0,0,0,0,1528380962,,0,,
271590,Grand Theft Auto V Legacy,244,1e72f87eb927fa1485e68aefaff23c7fd7178251,True,127,0,0,0,1596975613,[5],0,,
3240220,Grand Theft Auto V Enhanced,0,8355a7bbdb704f727bfba80ec56bc7228991338e,True,0,0,0,0,0,"[1, 2, 5]",0,,
222880,Insurgency,180,b072fc4239951c1952f4877edde340419438b528,True,91,0,0,0,1582176403,"[2, 5]",0,,
237870,Planet Explorers,301,6611abb65889605f5d8c292c326aa674947559a9,True,0,0,0,0,1483231034,,0,,
274900,Murder Miners,113,0ba9a54e98ca963a8cabee36325f873f0b164c62,True,0,0,0,0,1471034468,,0,,
277930,TUG,152,f62a880bb43fe6a7c78eeb1a854c9bb57275d6ce,,0,0,0,0,1447469138,,0,,
278360,A Story About My Uncle,366,feb33a53334222c82aaf0545e00913bd92bcd3d9,True,0,0,0,0,1535775000,,0,,
278970,DiggerOnline,130,3b736ea88dec4bc04326192c7516619f7320f415,,0,0,0,0,1470358724,,0,,
280520,Crea,21,7954156e3d6dc775507ab890132be9e4be3822ab,True,9,0,0,0,1590914503,,0,,
283640,Salt and Sanctuary,855,7db90552785b4c0a7d9d66ea5461c6a11f88c574,True,28,0,0,0,1589021232,,0,,
284460,DeadCore,110,09c71ba4bd8e9c3289e5fbc1cbe63ef8c95441f8,True,0,0,0,0,1461379334,,0,True,
286690,Metro 2033 Redux,161,353ea01a045c084215bca95519808eaa7319ce0c,True,41,0,0,0,1584254192,"[1, 2, 5]",0,,
287390,Metro: Last Light Redux,245,7139b7af2ad9d248d21e98302b964cd61474318c,True,0,0,0,0,1546031057,"[1, 2, 5]",0,,
290930,Half-Life 2: Update,0,adbeb780aad083eb92f3fccce82e9f54ab060867,True,0,0,0,0,0,,0,,
294160,Galcon 2,167,318744358dd01817da3f228e57e50fd4b7faba88,True,0,0,0,0,1513814654,,0,,
298160,Eldevin,93,6998c5ce36e04ecaf5b5a94ccc910bb78384638d,True,0,0,0,0,1434242493,,0,,
298240,War Trigger 3,7,5594cbc3c6838be2c4066a871cdca5de4f25dc53,,6,0,0,0,1642404746,"[2, 5]",0,,
238460,BattleBlock Theater,228,2f258aaff583d797812cdcf24830d5992f48733b,True,0,0,0,0,1474688484,,0,True,
108600,Project Zomboid,292,2bd4642ae337e378e7b04a19d19683425c5f81a4,,292,0,0,0,1742712948,"[2, 5]",0,,
301520,Robocraft,724,25b4f8bc206a7768638974d991b12d3943729d49,True,0,0,0,0,1538970983,,0,,
304050,Trove,1039,76b62601bb6f0551c415697fe92a6653340f4a5e,True,103,0,0,0,1567535025,,0,,
304930,Unturned,5215,e18009fb628b35953826efe47dc3be556b689f4c,True,53,0,0,0,1659058238,,0,,
307110,We Need To Go Deeper,268,980d4587a1b72672ba1cd056f5fdb7351fa79be7,True,5,0,0,0,1669195387,,0,,
307880,Savage Lands,930,dc51ca712ce91607993e34b051ab37ec1eab2aea,True,212,0,0,0,1567490155,"[2, 5]",0,,
307950,Caliber,23,91d90f9227945d3dabdb853811de210f8ad7d388,True,23,0,0,0,1687768207,"[2, 5]",0,,
311690,Enter the Gungeon,435,b459d94ad4b6a5eabd71005874037b9577a4ca31,True,279,0,0,0,1619904306,,0,,
312530,Duck Game,4999,d539148e7970b82733bfc78d595b41465fd09275,True,293,0,0,0,1619929206,,0,,
291480,Warface: Clutch,1025,66ef308279871d99ca776d4602bf02a354570368,True,42,0,0,0,1642404213,"[2, 5]",0,,
313120,Stranded Deep,460,1d2f450f4cf55ecf0275f49f68a3440eef93ad27,True,111,0,0,0,1640065150,,0,True,
314410,Rampage Knights,264,c4b3cd5f2027ac8e66a88d0f7951a7ccd489a517,True,0,0,0,0,1476067411,[5],0,,
315460,Dig or Die,196,c2c33f138ef420f824c43506c9a5bf95e4f9a2c3,True,25,0,0,0,1569023285,,0,,
317360,Double Action: Boogaloo,20,e739a26ecad7310a7aeb44d9e6e06654718b2975,True,0,0,0,0,1487218660,,0,True,
320040,Moon Hunters,367,fc61b16cfd617414a286e338968dadf06a74c512,True,367,0,0,0,1659769911,,0,,
322170,Geometry Dash,503,7fb2e71773468dbd98d56c733b604c92f5ab0ad4,True,341,15,0,0,1708621802,,1,,
21690,Resident Evil 5,0,26108f5caff3638c9f522dd79ee84a12761f373a,True,0,0,0,0,0,,0,True,
324510,Boundless,54,61e849771ba74e5b0c5fdaf0245ad88150e9a594,True,0,0,0,0,1462758092,,0,,
326460,ShellShock Live,124,bebf5e02b861d7d435fbf96cf059be95415ba5a9,True,15,0,0,0,1719795441,,0,True,
280790,Creativerse,432,e4937c3f653f127bdfddc17a8a544f887775e6be,,60,0,0,0,1606009246,,0,,
331440,bit Dungeon II,1525,aabe254f5ca4294f4a7b3ad9234bfffa6ee7ccca,True,1,0,0,0,1567400486,,0,True,
274940,Depth,728,0c711a26af920e93af7cf0fc797fbb200367105e,True,0,0,0,0,1493594550,"[2, 5]",0,True,
730,Counter-Strike 2,42660,8dbc71957312bbd3baea65848b545be9eae2a355,True,10,0,0,0,1644630043,"[2, 5]",0,,
332500,GRAV,536,b5d0d35b1719afef7fb5374ac0f65aa368f1d3f2,,0,0,0,0,1470459075,,0,,
215470,Primal Carnage,43,1bffc779f16da98c97b606bf15021342531cae31,True,0,0,0,0,1472092963,,0,,
333930,Dirty Bomb,185,48a3c464019fc161c2ea17334ca8d545a846a98e,True,0,0,0,0,1471294810,,0,,
335300,DARK SOULS™ II: Scholar of the First Sin,160,6e665503e93d1383b774a68dfea23ac7afc0e3aa,True,160,0,0,0,1593226792,,0,,
337320,Paint the Town Red,336,a14f7287363a4acfed7b8821da25dbd25562bddf,True,26,0,0,0,1619932901,"[2, 5]",0,,
337950,The SKIES,11,eff7d6d5c6968412c4adbff53aa0433183a7d00b,,0,0,0,0,1468900185,,0,,
338180,Batla,177,a42b840253ca30c5390d9854571a745db27adedf,True,0,0,0,0,1453259524,,0,,
250900,The Binding of Isaac: Rebirth,1921,16d46c8630499bfc54d20745ac90786a302cd643,True,14,0,0,0,1567042021,[5],0,True,
341800,Keep Talking and Nobody Explodes,0,1d0a322b0184faa755ad99af803dfd7e14add30f,True,0,0,0,0,0,,0,True,
344760,Reign Of Kings,3402,b4fa5995b64064c4eb82b38ba2cdb73d726a4177,,0,0,0,0,1509680740,"[2, 5]",0,,
346110,ARK: Survival Evolved,8495,fef1799533131c10f538d2dd697bbbd89e663265,True,1144,0,0,0,1674089201,,0,,
407530,ARK: Survival Of The Fittest,95,807c673cddebbfee0700a947a75f4872ad136e9b,,0,0,0,0,1483327172,,0,,
346900,AdVenture Capitalist,119,b4dd5ca1582ed52335b31960e05766fd22fa7cc4,True,0,0,0,0,1487717908,,0,,
298630,The Escapists,111,bd0870a5fb2b51f11699c9b77d1bc7e7ba688c74,True,0,0,0,0,1437704633,,0,,
287290,Resident Evil Revelations 2,10,0ec692bbc91bbff0b455faef6cb2b8a37bbbca93,True,10,0,0,0,1568258887,,0,,
339280,Strife,40,f607fac4c56f33b7f7c33604a2b30825eeba7841,True,0,0,0,0,1433993866,,0,,
351800,Dev Guy,40,3d38bfbfb026ea5cd756a225c1a59ffa54de4c4d,True,0,0,0,0,1434250968,,0,,
352160,Curse of Mermos,31,8814a0f642dd3effa4e5387e5bfdea40ae8a4a7e,,0,0,0,0,1435615115,,0,,
354640,The Settlers Online,0,dc2c644adb3eaaa5a055a374f1af57cf58ef1d76,,0,0,0,0,0,,0,,
355180,Codename CURE,98,5ac0b80152b51c5d5978868cef0293626cb32f44,True,0,0,0,0,1473381324,"[2, 5]",0,,
356670,Spooky's Jump Scare Mansion,14,c800b74d61e6feb58e6d2b80704e222a0c3fb40c,,0,0,0,0,1452655592,[5],0,,
306130,The Elder Scrolls Online,3547,2a0f43963c08a3755682adb2369918c9ad07ef1b,,1110,0,0,0,1675461996,"[1, 2, 5]",0,,
357340,Cobalt,762,bb12c142fd0448cec3567dfffe562160a46b1e9f,True,0,0,0,0,1505691094,,0,,
359310,Evoland 2,2968,d2f9687a00ccfa481db07eb17d0f927fb2d90ce7,True,699,2,0,0,1712632698,,0,,
1020470,Evoland Legendary Edition,0,6b564bfe80bccfcadbb54881e21c3cdf582b1d1b,True,0,0,0,0,0,,0,,
359320,Elite Dangerous,673,670f2f289a180f7ac291585df847009640ebf1c5,,0,0,0,0,1457190573,,0,,
361420,ASTRONEER,762,18ef632a152a69a8fb4f62c074cd50aa15d3bf33,True,367,0,0,0,1653453863,,0,,
363970,Clicker Heroes,219,155ed2de95eacc3353b91c2a057bdbf727c11c20,True,0,0,0,0,1564342232,,0,,
364420,Roguelands,1472,3d3f0d1cfe44d2d739bcf6c088f1ce058230cad4,,584,0,0,0,1619390455,,0,,
367520,Hollow Knight,9200,7b87aecda896ae747a6e40e3eb63498cb8b84df2,True,8125,0,0,0,1745116608,,0,,14.0
238370,Magicka 2,281,6c1ca2ff2c0f87c4d0a5378a9dbc7b7277bd239b,True,0,0,0,0,1473807200,,0,,
397080,Magicka 2: Spell Balance Beta,0,,True,0,0,0,0,0,,0,,
369200,Ghost in the Shell: Stand Alone Complex - First Assault Online,45,b963ac9e7f0bc025b6ded210ea8f80005bfe2411,,0,0,0,0,1469899738,,0,,
230230,Divinity: Original Sin (Classic),0,ca9cdafd4257253dba68babeed300874190fbbff,True,0,0,0,0,0,[5],0,,
373420,Divinity: Original Sin Enhanced Edition,247,822ff912b2e464fbebbedf7a75ae1eb24921f16b,True,247,0,0,0,1593209681,[5],0,,
374040,Portal Knights,676,464bad8b53edd14ea24f1bf0315a84740220f470,True,0,0,0,0,1564456136,,0,,
381210,Dead by Daylight,0,aa152097a700fd6f4707397ce41794ea30874790,True,0,0,0,0,0,"[2, 5]",0,,
383120,Empyrion - Galactic Survival,34,ef7a39a74922aa667d685419064e37c6166b911e,,0,0,0,0,1450370611,,0,,
386360,SMITE,607,7ed9de7bbfab9accb81e47b84943e7478baf2f3a,True,60,0,0,0,1612077159,,0,,
858460,SMITE - Public Test,0,20e160ebdeddbb45f1066f62797cee2dff94da95,,0,0,0,0,0,,0,,
261570,Ori and the Blind Forest,2,a8b0c1ca89fa421e5061d4ac5c17e2fbf4f08845,True,0,0,0,0,1530678517,,0,,
387290,Ori and the Blind Forest: Definitive Edition,508,a8b0c1ca89fa421e5061d4ac5c17e2fbf4f08845,True,450,0,0,0,1607970972,,0,,
291550,Brawlhalla,420,c43fac31b8bf8821764603a14d09412bc3d45f66,True,131,0,0,0,1694150677,,0,,
387990,Scrap Mechanic,134,a912301394e90691ef6a1598e971c9b47c1806b5,,134,0,0,0,1613378142,,0,,
389570,Mitos.is: The Game,14,821e8021beb0b77f04ed8b236d4b3166642a8433,,0,0,0,0,1471666549,,0,,
391460,WARMODE,15,e42a4a7627c4806f29d40e4564d3b20092e16b2a,,15,0,0,0,1648886880,,0,,
391540,Undertale,1662,2ce672b89b63ec1e70d2f12862e72eb4a33e9268,,258,0,0,0,1618591702,,0,,
391730,Crashlands,159,8fb73009c5f9918aab9717d8f9db1a4604733297,True,0,0,0,0,1470110465,,0,,
395200,Ben and Ed,3242,ad4b350ee4861e635646366461d360452f4963a5,True,8,0,0,0,1574382840,"[2, 5]",0,,
400170,The Incredible Adventures of Van Helsing: Final Cut,0,eb51e4b9ab236ea6efa5b8a4b9473f23f988b10d,True,0,0,0,0,0,,0,True,
388060,The Escapists: The Walking Dead,12,9e620c7890016e984f785ccfd827ed148087dc45,True,0,0,0,0,1497200521,,0,True,
407840,Guardians of Orion (Phase 2),6,e49a17fcced0dfdee1e16e120ae5e0165575e1a6,True,0,0,0,0,1469041934,"[2, 5]",0,,
409510,Genesis Online,10,13ab93ea0fad48f69415941b1f03ef9ad9b8f2c7,True,0,0,0,0,1471649298,,0,,
247730,Nether,136,b0d8c8b080352e22e498e7713d6badaebd1f79e3,,40,0,0,0,1584268402,,0,,
1010270,Nether: The Untold Chapter,0,803965495bd6ad5efa1aae0e680fbba39c050851,True,0,0,0,0,0,"[2, 5]",0,,
236110,Dungeon Defenders II,39,0ce07c2568f978a01c8ae5f4d9402c3253963641,True,0,0,0,0,1466112008,,0,,
412400,GASP,10,2492ac5f9f89e872d45fb668ec51f611d8ce43b1,True,0,0,0,0,1454778596,,0,,
413150,Stardew Valley,6808,35d1377200084a4034238c05b0c8930451e2fb40,True,6157,2,0,0,1739680832,,7,,
418030,Subsistence,4,0c1b0ca63946021b7d40a8e3d3e8d0b102d2b15c,True,0,0,0,0,1562965827,[5],0,,
420290,Blackwake,6,e59e4513c41fab6493b80e78a5bfae5252239b71,True,0,0,0,0,1518929526,"[2, 5]",0,,
424840,Little Nightmares,90,1904c041f963b5e2cb22b56c370444517cc4e288,True,90,0,0,0,1568071829,,0,,
428370,Windlands,928,02ed8128e381a62c700f2a11433dfa9985f7d98e,True,2,0,0,0,1584395326,,0,True,
359550,Tom Clancy's Rainbow Six Siege,39962,624745d333ac54aedb1ee911013e2edb7722550e,,6793,0,0,0,1744437447,,0,,
623990,Tom Clancy's Rainbow Six Siege - Test Server,566,20deaf466474f76f2ffdb345fe56f40fe3af74c0,,0,0,0,0,1535309004,,0,,
429050,Feed and Grow: Fish,855,264776c40633d593ee8ffcab6dcac60420c9559f,True,201,0,0,0,1605302735,,0,,
427730,Who's Your Daddy?!,95,1832520559ace5dd8c8e3d52cc01f9fa49be545b,True,25,0,0,0,1589016390,[5],0,,
431240,Golf With Your Friends,469,c6379c8ec66ac02565f1155bf3821b846164d93c,True,372,0,0,0,1742616997,,0,,
431730,Aseprite,874,da61bd2806f69205a97609dcdd4ca27df3baf800,,874,0,0,0,1732080424,,1,,
431960,Wallpaper Engine,20577,72edaed9d748c6cf7397ffb1c83f0b837b9ebd9d,True,18615,0,0,0,1741484559,,0,,
432720,Welkin Road,185,aecebf67aa4b95d88c835bbc2617db72409d99fe,True,76,0,0,0,1571204738,,0,True,
433340,Slime Rancher,425,814236b2c3a100cf76b00390585f351708e4c1e4,True,0,0,0,0,1472743604,,0,,
424280,Iron Snout,7,ec30cdaa64f3fa7e63087eded8c5ab7a4e50452e,True,0,0,0,0,1486843990,,0,True,
434570,Blood and Bacon,158,dc45017334994670433600c1fd2407e6be6767fa,True,158,0,0,0,1595935660,,0,True,
438100,VRChat,170,52c5f93bd9f8de008307f5fad95023600267462c,,170,0,0,0,1657620200,,0,,
244930,SNOW,482,7e90f75e6236774b3e9069e17b3acc3491128166,True,0,0,0,0,1510442472,,0,,
437220,The Culling,494,68314798715c44705e5b69c9fd1199a60222effe,True,0,0,0,0,1492135573,"[2, 5]",0,,
444090,Paladins,255,1565119c17f532338a0645b98e69e1fc1df0c29e,True,125,0,0,0,1587356977,,0,,
596350,Paladins - Public Test,0,0a073dec4ffe8398b74369289d0c987134e35986,,0,0,0,0,0,,0,,
445980,Wizard of Legend,429,1177948ac90affc4ede111e2bb9f3f7b78122189,True,429,0,0,0,1657255734,,0,,
448510,Overcooked,0,0f8cb2d03134bfbc0536dcc9a476d9ba3a1e67f5,True,0,0,0,0,0,,0,,
275850,No Man's Sky,511,fccb20f309ac5ae05b3cb4576a8a3357edf86f2e,True,358,0,0,0,1722665973,,0,,
455120,Stay Close,274,00da9020f4a84f47942c26ebfe43ccacb796ae7f,True,125,0,0,0,1589017811,,0,,
378370,Nomad,767,c34113b7056542a07b43f8326a7f2918722ae8e1,True,0,0,0,0,1488775302,,0,,
462930,AdVenture Communist,9,b22cfd05cc4cdf32ce7e8f618ad6f7e1aecc47c3,,0,0,0,0,1501910861,,0,,
466560,Northgard,309,f290db6bc98c8b40d01a13b9c99baaf705c6ac17,True,309,0,0,0,1662681245,,0,,
375600,Air Brawl,1143,c310ea1a0438752ab97d5b667251ae39de60c937,True,970,0,0,0,1600701252,,0,,
470220,UNO,11,8714f533f03a77d88905b44e56b905e637478e75,,1,0,0,0,1582430479,,0,,
471710,Rec Room,79,8b4f9c24ad1df00f0db62ee79b6198a0bb96d044,,79,0,0,0,1624071993,,0,,
487120,Citadel: Forged With Fire,86,01dcc0bff27681d6aee25d687f0c1d652ed1dc5c,True,0,0,0,0,1502233988,,0,,
489830,The Elder Scrolls V: Skyrim Special Edition,555,0dfe3eed5658f9fbd8b62f8021038c0a4190f21d,True,555,0,0,0,1703678420,"[1, 5]",0,,
493520,GTFO,225,c211299ef6127057dfe0271626bb044e79c28f78,True,225,0,0,0,1620181495,"[2, 5]",0,,
479130,ESEA,490,2de4307e5a2acda21def4e48b8e8c6ea284b9a57,,0,0,0,0,1531360306,,0,,
442080,Riders of Icarus,89,0d9bb7847fdf3485b375d0133998795a9749347d,,0,0,0,0,1468650921,[5],0,,
513560,Hunger Dungeon,23,fda62fb6f6b6669ac23de9c4cd4fc95860958f19,True,0,0,0,0,1482805369,,0,True,
292030,The Witcher 3: Wild Hunt,0,6e43cb881e60712c3cccdd7f871baa56acf15328,True,0,0,0,0,0,"[1, 5]",0,,
527440,Rustangelo,11,5794e131dc091570448fc7a44d97cc76cc9a7036,,10,0,0,0,1567226973,,0,,
324810,TOXIKK,47,18523599fb9e8305d0c6b6b99f561f4d88bdec59,True,0,0,0,0,1477864525,,0,True,
533200,Deformers Open Beta,5,08992eb913e71b8564cc36f9ba8c3b4fa40424f6,,0,0,0,0,1491678091,,0,,
397950,Clustertruck,4144,dedd6835d801bfaa5d10cd4d70dfecba5510b0ef,True,200,0,0,0,1612343837,,0,,
469820,Genital Jousting,86,6c75b49fb3dcf2f3903878e274a13e44d100b85a,True,86,0,0,0,1641267967,"[1, 5]",0,,
549760,Evolution VR,1,e48f3a30e6638f939c083b487a0fb1ce9973b514,,0,0,0,0,1482804901,,0,,
550040,Steep Open Beta,749,275cd4254449b78f4409b2b497e2486f562368ec,,0,0,0,0,1479698117,,0,,
530700,Argo,212,b827f64552754338bd272d6d2095714d77fa15cb,,0,0,0,0,1565488839,,0,,
555570,Infestation: The New Z,193,1a47976ed0794d3aeac244ce7303efd572728ba9,True,0,0,0,0,1489378164,"[2, 5]",0,,
557340,My Friend Pedro,342,734deb65d5561961595a190fa2d2adf61d607efe,True,151,0,0,0,1609479817,"[2, 5]",0,,
557810,Clicker Guild,729,51abcd9bd570ae2fac44269cc7718b7e9584318d,True,0,0,0,0,1483052702,,0,,
460920,Steep,305,0cd871768bc488856bd5bf44a196b221fc9a878b,True,24,0,0,0,1584266990,,0,,
564710,Soda Dungeon,143,e2843cd00e7eeb139961bac1c9013349ad90fc03,True,0,0,0,0,1489897182,,0,,
436520,Line of Sight,61,4b914b7d3b6cb747922518a23cc55372532c51c1,True,0,0,0,0,1487725159,,0,,
578080,PUBG: BATTLEGROUNDS,7211,609f27278aa70697c13bf99f32c5a0248c381f9d,True,39,0,0,0,1642328763,"[2, 5]",0,,
578310,BRAIN / OUT,56,e710a604dd870c0623aa9875ae9d9de1ce7e018f,True,0,0,0,0,1511318716,,0,,
581630,Sword With Sauce,233,e3c204b532caadc61654bb0616878447ea94c216,,0,0,0,0,1563166339,,0,,
582660,Black Desert,156,bf5ccace0a692720984827bf042143d0d4b28a42,,103,0,0,0,1674528779,"[1, 5]",0,,
588650,Dead Cells,799,a431361e5dae5fd6ac2433064b62b2a37abc38f1,True,799,0,0,0,1648012390,"[2, 5]",0,,
589590,Kindergarten,42,d1a2fa42dbb6c4e52f2b553d08fefe91258b531f,True,0,0,0,0,1494030184,"[2, 5]",0,,
590830,s&box,184,88c14f861eb338122be3bd9cb8d414af34cc9fed,,184,0,0,0,1722651107,"[1, 2, 5]",0,,
599080,The Blackout Club,171,ec02ae9815bc145c582d21320972f695168fa088,True,1,0,0,0,1588060574,[5],0,,
602700,Chippy,86,09436cabeed3ce0565edce1bc29a127805a7928a,True,42,0,0,0,1621299727,,0,True,
602770,Clatter,67,2f0fa06ff909c57540777ed7a7e6854ddbc2f571,True,0,0,0,0,1544752385,,0,,
503350,White Noise 2,94,d110beb60aacede67a0df2a486aee916c03adf1c,True,0,0,0,0,1562313431,,0,,
617290,Remnant: From the Ashes,1796,0fec2d481028011910bf6fc35c61d19386695128,True,834,0,0,0,1684195856,"[2, 5]",0,,
620980,Beat Saber,307,d2922f271fca9579ecdcc07408cee13d87ca4148,True,307,0,0,0,1606356424,,0,,
630100,SoulWorker,0,a6508d81099861636f59188db07f9349d885046a,,0,0,0,0,0,,0,,
632360,Risk of Rain 2,4166,0b809ac6f25e6570fecae5fc47bca0139a7bf70c,True,3711,0,0,0,1724884088,,0,,
641320,Cooking Simulator,13,85e75f4415fdd402cf01ce20672cac5256bed5d7,True,13,0,0,0,1609281994,,0,True,
641990,The Escapists 2,370,c1d2bb67884d14088b7befc3d442df6eb801cd13,True,72,0,0,0,1619814784,,0,,
646570,Slay the Spire,182,33ea124ea8c03a9ce7012d34c3b348a351612fca,True,0,182,0,0,1713056648,,0,True,
648800,Raft,701,6a9ae357c4133b1b631b520edd25b1974f3afb68,True,641,0,0,0,1643523439,,0,,
218620,PAYDAY 2,567,a6abc0d0c1e79c0b5b0f5c8ab81ce9076a542414,True,315,0,0,0,1578258426,,0,,
657200,Hand Simulator,376,b2ecce2712d54f1978496919c734b6da1d1cbb5e,True,81,0,0,0,1577083293,,0,,
671860,BattleBit Remastered,847,84d4db032ad4d637b97e9a25f7d3da70b6fd6257,,847,0,0,0,1691181282,[5],0,,
674940,Stick Fight: The Game,772,28bc7ba8952d488e01e7136126cbbc3b42ee443a,True,201,0,0,0,1640338581,,0,,
677620,Splitgate,235,03e452b180ff77986c3957819bde4c69448a2d0f,True,235,0,0,0,1629862122,,0,,
686090,Bloodlines of Prima,7,f9781b35bf8006234fc6c01aee68c996010f0277,,0,0,0,0,1566106823,,0,,
698780,Doki Doki Literature Club,11,2bf8ed528d8f251428435a6f6ffc8e4e8e4b294c,,0,0,0,0,1517037282,[5],0,,
700330,SCP: Secret Laboratory,235,ea2e9a0aa3b0d3393e7452913b3c255cd23a13ba,True,138,0,0,0,1719794504,"[2, 5]",0,,
706990,BLOCKPOST LEGACY,1,84e0869208df5df1d65605ebb5bb0b95d6f2d596,,1,0,0,0,1587007771,,0,,
707680,Slapshot,26,dd08015a0b15a00dc54d7e430e11859ad03f2865,,26,0,0,0,1601429098,,0,,
435150,Divinity: Original Sin 2,1931,519a99caef7c5e2b4625c8c2fa0620fb66a752f3,True,1931,0,0,0,1704024951,[5],91,,
732730,War Trigger 2,1,b0f9f822181804cd234731f568418dcafc39bc35,,0,0,0,0,1547372872,,0,,
466240,Deceit,188,9ab4436d104e73d560f6e0c439bcb150a9c5a174,True,188,0,0,0,1573535315,"[2, 5]",0,,
480430,Hide and Shriek,38,15b3e34dd910432ff43a09d994984435b352f097,True,0,0,0,0,1510444985,,0,,
739630,Phasmophobia,182,125673b382059f666ec81477173380a76e1df0be,True,182,0,0,0,1602308679,,0,,
744900,Dead Frontier 2,65,eb43a1ba739d50f1c077218a087d2860d4a4ce71,,65,0,0,0,1578040168,"[1, 2, 5]",0,,
751780,Forager,38,0ce98fdac94ec51d6133962adf123e4a33a5a6aa,True,38,0,0,0,1643441976,,0,True,
755790,Ring of Elysium,1703,bff111ed4307fc769143eb3d652fb940c363e37e,,92,0,0,0,1575010205,"[2, 5]",0,,
760160,Vampire: The Masquerade - Bloodhunt,74,08e7dfced6c1d534ec5d580a3a177427c7250a60,True,74,0,0,0,1651716365,"[1, 2, 5]",0,,
763410,Long Live Santa!,6,52530511d96016e8c23a679ef6df6b3a7e304dcb,,6,0,0,0,1568944987,,0,,
774171,Muse Dash,764,e0f4a24aa5b44887dc3467ee3e9ceabf46082041,True,757,6,0,0,1712632457,"[1, 5]",0,True,
774361,Blasphemous,1156,4adaff16db14b2cf3bcfda2c523f0d4d68e15d6f,True,1042,113,0,0,1712525201,"[1, 2, 5]",0,,
782330,DOOM Eternal,358,14235f425d27ab3b83661ba14c17d22dc90e566b,True,358,0,0,0,1654662963,"[2, 5]",0,,
790740,Tick Tock: A Tale for Two,0,91bf61eb7e9b6b630009f89db43c856236b9c932,,0,0,0,0,0,,0,,
792220,Paunch,23,34125b8aa5e15fe10a63a597bd4f00e6268cbc04,True,23,0,0,0,1581146261,,0,,
793350,Swarmlake,14,351f7bcca285083f092a37a684ba5d378532fed2,True,6,0,0,0,1573019660,,0,,
802200,Hellbound: Survival Mode,0,48ac6fbdba434c071d855592e59e764b10916933,,0,0,0,0,0,"[2, 5]",0,,
806140,Achievement printer,8,b1d72ee020d809630b8727967f71d696a25d82e5,True,8,0,0,0,1706248952,,0,,
812140,Assassin's Creed Odyssey,719,4b6cf0715b30669411bf204bce7ed99a9c84671b,True,719,0,0,0,1609891712,"[1, 2, 5]",0,,
813230,ANIMAL WELL,199,860b275ec0e63d6a74f6f3f9fc8dd75a49065f07,True,199,0,0,0,1716278255,,0,,
815370,Green Hell,248,d118d766ef0107189e71b1410bebe13831b70d7b,True,248,0,0,0,1674200665,[5],0,,
433850,Z1 Battle Royale,46,aee7491abfd812e2fbb4ec3326ad5f4b85c8137a,,0,0,0,0,1527481192,"[2, 5]",0,,
439700,H1Z1: Test Server,0,d0e924622be8ce1e9920197f397365bb1e6bca5f,,0,0,0,0,0,,0,,
823130,Totally Accurate Battlegrounds,434,920902c516d435c3d9a6c5ef92e3cd4372f9314b,,261,0,0,0,1714508377,,0,,
844870,KurtzPel,127,2947d156a2633c9a5c092d2a14890bc56a342b70,True,127,0,0,0,1609982255,"[2, 5]",0,,
848450,Subnautica: Below Zero,469,eae16718327a78d87ac7ae61db96729926c97a16,True,313,0,0,0,1621278390,,0,,
856210,bit Dungeon III,288,ed93c17a0593b850c89777aea4d004e4936f0313,True,118,0,0,0,1643009360,"[2, 5]",0,True,
858820,Tribes of Midgard,265,63d7c6cdcd096c8617557682830df3079956556d,True,265,0,0,0,1691040676,,0,,
865360,We Were Here Together,233,48102be9c6ee895f77d2af44ac83a1e6150cd458,True,233,0,0,0,1641115060,,0,,
868270,The Cycle: Frontier,74,02005fcb9c24057b02bc71bfc897a947629db7f0,,74,0,0,0,1655602202,,0,,
884260,Akane,148,c5e92c37bffe6597abe5a8b429460faccce65977,True,148,0,0,0,1680910708,"[2, 5]",0,,
582010,Monster Hunter: World,3109,6ec147f2d423f435e15eb79b3d82f771913de634,True,3019,0,0,0,1740179566,,2,,
892970,Valheim,1323,2f64c9a826e2c6cf3253fea4834c2e612db09143,,1323,0,0,0,1723849691,,0,,
714010,Aimlabs,41,15347de11efc127539c388e585af9e92d10d5189,True,41,0,0,0,1682406238,,0,True,
633230,NARUTO TO BORUTO: SHINOBI STRIKER,67,02be261d86a6d13c975b5b30be50411f9c99fb8c,True,67,0,0,0,1632705408,,0,,
915320,Pixel Strike 3D,41,29a0ac3b8ee0428851469a16cf0b693c3504c3c7,,41,0,0,0,1641718366,,0,,
622650,Bendy and the Ink Machine,1,c45528d39891ea9f2059340929cb62c90d40e666,True,0,0,0,0,1557375657,,0,,
814380,Sekiro™: Shadows Die Twice,4216,2704fb9c5465045d00a5b19a0cb1e9bdabbd15cc,True,4216,0,0,0,1720056906,"[2, 5]",0,,
412020,Metro Exodus,1307,f9863ed0ffc717b130744488f088ae95fe6e9bd8,True,1307,0,0,0,1643973012,"[2, 5]",0,,
1449560,Metro Exodus Enhanced Edition,35,f9863ed0ffc717b130744488f088ae95fe6e9bd8,True,35,0,0,0,1690924106,,0,,
304390,For Honor,425,64dd8eca34f0b5faeda135f057da1973806852f2,True,425,0,0,0,1684376547,"[2, 5]",0,,
654310,For Honor - Public Test,0,64dd8eca34f0b5faeda135f057da1973806852f2,,0,0,0,0,0,,0,,
945360,Among Us,991,b82c3f46da8f3c918e1c9e0d18bd6fa8fcef6801,True,991,0,0,0,1674463632,,0,,
946050,Soda Dungeon 2,29,75bd56e1db97bc94a6bc6b8a624af61602ef5009,True,29,0,0,0,1594695791,,0,,
960090,Bloons TD 6,329,c5f0b67c8beeb6be99abe2ad8db2cada5d5ccff0,True,329,0,0,0,1732389136,,21,,
893520,CreativeDestruction,24,07738fcb215fe089b933c72749f1c52e7d9f8a7b,,24,0,0,0,1580620833,,0,,
530630,Empires Apart,108,28e6122b5b5b795eac57ead9c04283db416caafc,True,0,0,0,0,1550728242,,0,,
973810,Journey To The Savage Planet,117,8350593b8ab3fafb26c4d811d8c8591de4e552ef,True,117,0,0,0,1612567530,"[1, 2, 5]",0,,
977950,A Dance of Fire and Ice,279,8951234b5979fde3030acbf53b32fc04dfc706b3,True,276,3,0,0,1712632021,,0,,
990080,Hogwarts Legacy,476,a9ecb94f249768d0ee5ccecbffe8d8c06d9bed59,True,476,0,0,0,1676297380,,0,,
1041320,Lords Mobile,1,b46d91aba8d19d7c6a3eb35a031e9d7743f7e8a1,,0,0,0,0,1562032504,,0,,
1053680,Granny Simulator,60,e07ba05a3a33ccc43a0c02f187f8587f96e06e41,,60,0,0,0,1598513915,"[2, 5]",0,,
1057090,Ori and the Will of the Wisps,572,ea50b151bb1e2c39e7bdd3ff4f8cc5e8738d6983,True,572,0,0,0,1648017170,,0,,
976730,Halo: The Master Chief Collection,924,196a45d8df1981ff6b6b1872a38dc38f6c22875d,True,924,0,0,0,1599509879,"[2, 5]",0,,
1086940,Baldur's Gate 3,13216,d866cae7ea1e471fdbc206287111f1b642373bd9,True,13216,0,0,0,1745828119,"[1, 2, 5]",2,,585.0
1091500,Cyberpunk 2077,4621,15ba5f5437473a1b4d628b3b87223e84f4cfdf38,True,4621,0,0,0,1731187187,"[1, 2, 5]",7,,
1092790,Inscryption,1135,25c02dcbabe97febe787797195099325a4d47935,True,1135,0,0,0,1737776887,,0,,
1085660,Destiny 2,149362,fce050d63f0a2f8eb51b603c7f30bfca2a301549,True,149294,0,0,0,1745990289,,0,,591.0
1097150,Fall Guys,786,6c027709b9eb1417c993bc7d513b97b232002368,True,786,0,0,0,1656227502,,0,,
1128000,Cube World,799,c09bbf8f00488537a888a2fc52ecb42a074830ac,,799,0,0,0,1694776406,,0,,
1128810,RISK: Global Domination,34,ecc6f7301e88a88e93edec1a3d4ddcc7ec9c5335,True,34,0,0,0,1597886906,,0,,
1144110,Open World Game: the Open World Game,16,de1d4e8f63dc514d0a01091ee803117629e4df7e,True,16,0,0,0,1610043171,,0,,
1145350,Hades II,550,621d9f1cfa204c0bae07a981f41007d2cf03a56c,,550,0,0,0,1737519969,,0,,
1150690,OMORI,667,29c42e099c6527a041bf17812d140508fab9c387,True,667,0,0,0,1725828142,[5],0,,
1169040,Necesse,561,b9e3becff5c706c4e57db3699ab7451cd178394e,True,561,0,0,0,1675941940,,0,,
1172380,STAR WARS Jedi: Fallen Order™ ,548,0ea1d285a8ee6fbeef0e8f7f3b2d7fa4cbcb423b,True,548,0,0,0,1575349284,,0,,
1172470,Apex Legends,2654,6cc35932af780289ae3d8d5cdbfe9cd545decad2,True,2654,0,0,0,1742708936,,0,,
1172620,Sea of Thieves,2524,f95f362708fc326511c5d86566c447ee625bf776,True,2524,0,0,0,1662858726,,0,,
1173370,Slapshot: Rebound,466,674676fb4ba48e60020869d8f5fcef1e3c1a3014,True,466,0,0,0,1692772479,,0,,
1184140,KartRider: Drift,0,a927291ddc309b89846521a61a7ca04db03086f9,,0,0,0,0,0,,0,,
1145360,Hades,736,8a3fca36a00883e8066263ad35dd15d77a1f9abc,True,736,0,0,0,1642853495,,0,,
1203620,Enshrouded,321,9588cc0bd32e350a2353c332be67cf52a9b2b47b,True,321,0,0,0,1706278837,,0,,
1063730,New World: Aeternum,200,d5de94a364a530447842724badf53ab112c4db48,True,200,0,0,0,1633204081,"[2, 5]",0,,
1217060,Gunfire Reborn,213,446d10e4c62466203a4c60e3416d4307048710b8,True,213,0,0,0,1626437637,,0,,
1228520,The Convenience Store | 夜勤事件,27,40ea4614068d0f2953fc7b04a8168a0259f0f8b6,True,27,0,0,0,1609287886,,0,,
1229490,ULTRAKILL,161,665f952065f0512a2079efd77308e6a5af23dfd6,True,161,0,0,0,1672646913,[5],0,True,
1237970,Titanfall® 2,420,d73c7e572859bd7490947d1aeab5c33eda18fd64,True,420,0,0,0,1625557333,"[2, 5]",0,,
1249200,Ghostrunner Demo,46,8af4f3de14d50e2061e8bdbd82ec2b34a9ea80ba,,46,0,0,0,1603904282,"[2, 5]",0,,
1245620,ELDEN RING,15200,b6e290dd5a92ce98f89089a207733c70c41a1871,True,15200,0,0,0,1719977922,"[2, 5]",39,,
442070,Drawful 2,0,a2aab99a9ec657f817aff247593b3310cae44288,True,0,0,0,0,0,,0,,
1275350,Ninja Kiwi Archive,29,4d7f75cfdf614baab330c2e63559d6e600b273e9,,29,0,0,0,1626507464,[5],0,,
1281930,tModLoader,18619,e8a125078a31b8475994e8ce4d8d6fdd6becc131,,18618,0,0,0,1740545584,,0,,
1283700,SUPERVIVE,21,ae2fdcb6c6a904c8190895247b1a52a710b8ad18,,21,0,0,0,1732143502,,0,,
1241100,POLYGON,5,8e587587672d2978bfcc5cf872ee1ce51b478799,True,5,0,0,0,1648887299,,0,,
1289310,Helltaker,77,c4cfc91850d08836a6b49bc0509f7b0e3e17ffa4,True,77,0,0,0,1607822726,"[1, 5]",0,,
1290490,UNBEATABLE [white label],279,fe6ec997c1bf1b395cd6f548343e73c023b5861b,True,279,0,0,0,1707031088,,0,,
1296360,Archvale,145,8c1c699e38ac5b989b01664efcdd98e633200bb7,True,145,0,0,0,1642577533,,0,,
1304930,The Outlast Trials,905,159a7d66ffd179c920eefe07392e6a261e899965,True,905,0,0,0,1720431271,"[1, 2, 5]",0,,
1321440,Cassette Beasts,313,025b36a9292a681265ffd1313d6041510d899db1,True,313,0,0,0,1697076086,,0,,
1326470,Sons Of The Forest,712,bd28fe592b339cff5a3eef743f31e3166c984c68,True,712,0,0,0,1708752242,"[1, 2, 5]",0,,
1333200,Song of Nunu: A League of Legends Story,321,299cff14de92bc6f7aaea1141b8495df44eae8d8,True,321,0,0,0,1699329494,,0,,
1335790,Operation Tango,178,697bcc67405a78a400679718b54dccf64c2b9d89,True,178,0,0,0,1641174658,,0,,
1337520,Risk of Rain Returns,735,0c22133e147cd4d0caefadd7e80e29b078779bed,True,735,0,0,0,1699764461,,11,,
1343400,RuneScape,79,021f59318858b7b3081a5dc083e7e302f1882f00,True,79,0,0,0,1608146134,,0,,
408900,Unfortunate Spacemen,237,0bdcc10a2e989fca01c9ac504668117dfc1b81e4,True,237,0,0,0,1594171433,"[2, 5]",0,,
1359090,Zero Hour,345,435172a2df3695389d00ea2c78d820c9e748f01e,True,345,0,0,0,1636269237,"[2, 5]",0,True,
1369630,ENDER LILIES: Quietus of the Knights,165,2678b94a56d54d99d55ceced6b855a695a711bfa,True,165,0,0,0,1650157214,,0,,
1381980,MOTHER,65,83c6d7d24a81ab0bc36c968802500824f8e3ae92,,65,0,0,0,1609286214,[5],0,,
1426210,It Takes Two,0,6b15f6d81c4fc52056f4928b363b7fac591a945b,True,0,0,0,0,0,,0,,
1432860,Sun Haven,8930,82934a39da52d2a9d7e2b23d4c38a41618fe87cf,True,8930,0,0,0,1730523884,,0,,
680420,OUTRIDERS,686,35088a2e2cbca86852288051fb34eac760577f83,True,686,0,0,0,1618808779,"[2, 5]",0,,
1453490,Deducto,82,d0fc3da6ed979b594b3399f04d7a04d1e2b1b22c,,82,0,0,0,1655972684,,0,,
1469250,Rubber Bandits: Christmas Prologue,295,ed413305843c50c08112eb16db7df2f60802e366,,295,0,0,0,1623826607,,0,,
1476970,IdleOn - The Idle RPG,85,8eae2b19c35dc4319a58ec553e4fb28f8eb60e84,True,85,0,0,0,1618345084,,0,,
1494810,Mortal Sin,260,e53d5e8c12d732c5f0903dbf12227b41b7e758bb,True,260,0,0,0,1720492037,"[2, 5]",0,,
1557990,Retail Royale,34,d27b6eae14c5def08b641519c33726ccfbcf89fc,,34,0,0,0,1689144828,,0,,
1593500,God of War,1437,8aa5e7e0e55cad682c7f2e65e075c3bc04dfc1cb,True,1437,0,0,0,1669686581,"[2, 5]",0,,
1604030,V Rising,321,d18204000a839feb84393b3d860c17cd4a4b269c,True,321,0,0,0,1702063891,,0,,
1485080,Just Act Natural,58,4a7143f689b3c7fd24b4f145062e2e8da73ed64d,True,58,0,0,0,1674457685,,0,,
1620690,Rubber Bandits: Summer Prologue,34,085a4a96593bedb8e408887469b926c1eeec31b6,,34,0,0,0,1622972809,,0,,
1621690,Core Keeper,1786,53517a1b2eb22e22ac4a1f71c814209f1b84c063,True,1786,0,0,0,1725474466,,0,,
1623730,Palworld,1044,f5523077a8f4c923c2e8d8c17794b3319035fa73,True,1044,0,0,0,1724735024,,0,,
1384160,GUILTY GEAR -STRIVE-,1150,7f533439eee06521bb022a7afba5e6eb3f604003,True,1150,0,0,0,1734349487,,0,,
1687950,Persona 5 Royal,202,2f868d8c16fc357dc7122d440b9de3916e36e6fa,True,202,0,0,0,1721966033,"[1, 5]",0,,
1240440,Halo Infinite,397,ec684b943169d675439f6cdf64fa2f2aa90d9821,True,397,0,0,0,1637489098,,0,,
1672970,Minecraft Dungeons,334,630069ef1f1f480a17cfb7dd23de0024a6645f79,True,334,0,0,0,1672401759,,0,,
1766390,Forward: Escape the Fold - Ultimate Edition,146,2af79ea16817a30da87f0b6ef5875ced2cfbb86b,,131,15,0,0,1713058432,,0,,
1782210,Crab Game,63,e1afdaf96f55771d1d5ea4c9692d0f707ab0110b,,63,0,0,0,1636264998,[5],0,,
1789480,Marauders,2630,684ad720a83268ae97e3a89b93967e1c08cff570,,2630,0,0,0,1705272516,"[2, 5]",0,,
1794680,Vampire Survivors,35,3677cf1be3be1f4ea42261c62ce10519715ade58,True,35,0,0,0,1659061766,,0,,
1818450,STALCRAFT: X,176,6f0260e0ef252b950afec5c11ccc55fc95161c01,True,176,0,0,0,1692925959,,0,,
1818750,MultiVersus,212,01fb7eab28b80a06e4da69a6b3d76dbe383bea8e,True,212,0,0,0,1659856661,,0,,
920210,LEGO® Star Wars™: The Skywalker Saga,106,568a07f03f8dba0b74c4a02f6ebb43ce5e09075c,True,106,0,0,0,1649221996,,0,,
1895130,Darza's Dominion,76,08aaf8b71e9846b209aeb640443b215bfbdec3bc,,76,0,0,0,1679697312,,0,,
1599340,Lost Ark,586,4e4ef2862189e1f1d3052125fb1ed6cb42bcaaf8,True,586,0,0,0,1645426678,"[1, 2, 5]",0,,
1898300,ASKA,278,153ab3ef3b1db7248ecf79b586037b57cb3db42d,True,278,0,0,0,1720753559,"[2, 5]",0,,
1903340,Clair Obscur: Expedition 33,347,d48fb3ed033a08bad9bf0a2e1ceb145e58ffe0aa,True,347,0,0,0,1745905754,"[1, 2, 5]",0,,347.0
1929610,Demonologist,169,ac2b7b0810b1c6d0364bb3e73d552fece53b7c29,True,169,0,0,0,1680411072,"[2, 5]",0,,
1934780,VEILED EXPERTS,62,fb73128c3fde609ce133fc9ba913fb5cb31e58ee,,62,0,0,0,1684563582,"[2, 5]",0,,
1677740,Stumble Guys,49,4517b0a1eff3befd699ede64a57e3f816d581be7,True,49,0,0,0,1658564175,,0,,
1961460,Project Playtime,70,c443ac07bed8665c5bef29464351c3b236684759,,70,0,0,0,1674469016,,0,,
1966720,Lethal Company,270,8393f321a62a9ef0be762c81565d2caea4fb7da6,,270,0,0,0,1705477198,"[2, 5]",0,,
1966900,20 Minutes Till Dawn,322,b29417f962eda1797bafb8cca89c7c13bb768682,True,322,0,0,0,1700447682,,0,,
2060160,The Farmer Was Replaced,28,c5e5f32afc4cc79cc7a92bf174375367509e2866,True,28,0,0,0,1726030386,,0,True,
1313140,Cult of the Lamb,170,337223c1a97705aee1714ad9534c7d6cfabd92b0,True,170,0,0,0,1683280011,[5],0,,
2087030,Shatterline,55,595dea82c36636facad5e7998abb4329be9106e2,True,55,0,0,0,1662771284,,0,,
552500,Warhammer: Vermintide 2,0,a671f2ddf7359beba9702ac097baf6d50cb07202,True,0,0,0,0,0,"[2, 5]",0,,
2141730,Backrooms: Escape Together,422,d4b430f9594dcad772f320fe8792b2c94cf99e06,True,422,0,0,0,1720333388,,0,,
1971650,OCTOPATH TRAVELER II,264,7a90088ff3b521a0edcbd414fcd88361dd3d8b45,True,264,0,0,0,1679714477,,0,,
2242760,The Escape: Together,62,a153c736f6b8c9dcd9247b62fa2517afb1283436,True,62,0,0,0,1710480716,,0,,
2334730,Death Must Die,60,8bb324e3520441323adf02215b66f5c0c685d6c8,True,60,0,0,0,1702979526,,0,,
2353760,Landfall Archives,42,4e9b39d637b24e668bbdbba6f33e0d570de4e25b,,42,0,0,0,1680666908,,0,,
1282100,Remnant II,1332,7223e40d6e1d9a25db48cce857d1b83c5f2c5704,True,1332,0,0,0,1690438408,"[2, 5]",0,,
2399830,ARK: Survival Ascended,387,655cc2012105979c2b8e4821d568351c86b22be7,True,387,0,0,0,1740040807,,0,,
2429640,THRONE AND LIBERTY,156,2f68e286764ecc7774825d4f122d557259e0089d,True,156,0,0,0,1727847986,"[2, 5]",0,,
2448970,Dungeonborne,54,201fba799c5d5da52d9dce59ccc0ba5ba2d73dbc,True,54,0,0,0,1721367687,,0,,
1716740,Starfield,3738,b4d5828937b2d29b875405dce97bbae0a5d01bbe,True,3738,0,0,0,1695756713,"[1, 2, 5]",0,,
2479810,Gray Zone Warfare,293,ca56095c6c464caf846590898beba429d0f75fe9,,293,0,0,0,1714864599,"[2, 5]",0,,
2507950,Delta Force,0,52bc6c4bf0c232cf30d66eb3d1638bf099bc6061,True,0,0,0,0,0,,0,,
553850,HELLDIVERS™ 2,2265,c3dff088e090f81d6e3d88eabbb67732647c69cf,True,2265,0,0,0,1716188657,"[2, 5]",1,,
2161700,Persona 3 Reload,5259,2aeb189b126f766bb5930f725fbdcdd171a93c56,True,5259,0,0,0,1721426784,"[1, 5]",51,,
2551020,One-armed robber,17,810402b02588c37cc459b1a39896ab9377ba616a,True,17,0,0,0,1703074476,,0,,
2567870,Chained Together,168,231b8f624ff26721431fe5749fa5ab5bccd75ff4,True,168,0,0,0,1719991357,,0,,
2140510,Town of Salem 2,27,7122d4be42d1412846b2d27ff5458f879aaf1de0,True,13,14,0,0,1706931354,,0,,
2054970,Dragon's Dogma 2,2076,f3d469e0d7a0e25ddd13db8ebf08f1c24d6478b0,True,2076,0,0,0,1711447220,"[1, 5]",0,,
2674810,Dragon's Dogma 2 Character Creator & Storage,206,e6d998773c02254db285c535be1a684c35f255cd,,206,0,0,0,1711065511,"[1, 5]",0,,
2679460,Metaphor: ReFantazio,1066,76497828e18653273818f428323bd2a5684e689d,True,1066,0,0,0,1731984963,"[1, 2, 5]",0,,
2683150,Ale & Tale Tavern,119,6e1038bd3486fc5a82752c9e4580b8bda8f98945,True,119,0,0,0,1741777974,,0,,
2767030,Marvel Rivals,4612,839b4712925b95702ca56e0c4d399adf54f4d617,True,4612,0,0,0,1744488656,,0,,
2881650,Content Warning,129,513cf7f2e22c94f4372369e29bffccc4c239e9c0,,129,0,0,0,1712211367,,0,,
2943650,FragPunk,228,7e4276d769044a725905fe72c2d78977fde908e2,,228,0,0,0,1741756907,,0,,
2016590,Dark and Darker,10216,9dfa7ea1b799b795ab5795e8251b17e35ef2b8d8,,10216,0,0,0,1745784960,"[2, 5]",0,,1366.0
3121110,Zort,94,785d1d26402b58e537159093b604764aa69bc2fa,True,94,0,0,0,1738658784,"[2, 5]",0,,
3122250,9 Kings Demo,29,d1d0c590e82d977b24e1070a9ec1aeea9e4cd9f4,,29,0,0,0,1744425048,,0,,
1422450,Deadlock,222,f6da1420a173324d49bcd470fa3eee781ad0fa5e,,222,0,0,0,1725262107,,0,,
3146520,WEBFISHING,69,f59f42d0b227a8161ac5bc5106d17fe6ba146157,True,69,0,0,0,1733561859,[5],0,,
2246340,Monster Hunter Wilds,2789,23474d61e4506351f9b26f230fd417d017cf2806,True,2789,0,0,0,1742523489,,0,,
3241660,R.E.P.O.,842,b8bf4770408fc369e15cebd42e0026a27b67aaa8,,842,0,0,0,1743229833,,0,,
2694490,Path of Exile 2,1432,fa8ff2005f65d0cbc7403a5b18ca77c0bbc9d05a,,1432,0,0,0,1743974788,"[1, 2, 5]",0,,
2623190,The Elder Scrolls IV: Oblivion Remastered,351,bad7d3e3c722ffc68af54cbe545dcc5978d87638,True,351,0,0,0,1745711633,"[2, 5]",0,,351.0
3595150,UNBEATABLE Demo,161,7092778a37d4196cb8d00a3ace1fbcaea642f820,,161,0,0,0,1744967989,[5],0,,161.0
